time,slot_index,household_fan_cooler,household_pump_fridge,household_higher_consumption,small_shop,e_rickshaw_charging,critical_load
00:00,0,0.5569,0.3,0.25,0.475,0.85,1.0
00:30,1,0.5802,0.3,0.25,0.475,0.85,1.0
01:00,2,0.5949,0.3,0.25,0.475,0.85,1.0
01:30,3,0.6,0.3,0.25,0.475,0.85,1.0
02:00,4,0.5949,0.3001,0.25,0.475,0.85,1.0
02:30,5,0.5802,0.3005,0.25,0.475,0.85,1.0
03:00,6,0.5569,0.3022,0.25,0.475,0.85,1.0
03:30,7,0.5269,0.3076,0.25,0.475,0.85,1.0
04:00,8,0.4928,0.3224,0.25,0.475,0.85,1.0
04:30,9,0.4572,0.356,0.25,0.475,0.85,1.0
05:00,10,0.4231,0.4186,0.25,0.475,0.85,1.0
05:30,11,0.3931,0.5126,0.25,0.475,0.85,1.0
06:00,12,0.3698,0.6224,0.25,0.475,0.85,1.0
06:30,13,0.3551,0.714,0.25,0.475,0.15,0.25
07:00,14,0.35,0.75,0.25,0.475,0.15,0.25
07:30,15,0.3551,0.714,0.25,0.475,0.15,0.25
08:00,16,0.3698,0.6224,0.25,0.475,0.15,0.25
08:30,17,0.3931,0.5126,0.25,0.475,0.15,0.25
09:00,18,0.4231,0.4186,0.25,0.8,0.15,0.25
09:30,19,0.4572,0.356,0.2922,0.8,0.15,0.25
10:00,20,0.4928,0.3224,0.3338,0.8,0.15,0.25
10:30,21,0.5269,0.3076,0.3741,0.8,0.15,0.25
11:00,22,0.5569,0.3022,0.4127,0.8,0.15,0.25
11:30,23,0.5802,0.3005,0.4488,0.8,0.15,0.25
12:00,24,0.595,0.3001,0.4821,0.8,0.15,0.25
12:30,25,0.6001,0.3,0.512,0.8,0.15,0.25
13:00,26,0.5952,0.3,0.5381,0.8,0.15,0.25
13:30,27,0.5809,0.3002,0.56,0.8,0.15,0.25
14:00,28,0.5588,0.3007,0.5776,0.8,0.15,0.25
14:30,29,0.5316,0.3022,0.5908,0.8,0.15,0.25
15:00,30,0.5031,0.3064,0.6001,0.8,0.15,0.25
15:30,31,0.4781,0.3164,0.607,0.8,0.15,0.25
16:00,32,0.462,0.3369,0.6138,0.8,0.15,0.25
16:30,33,0.4601,0.3734,0.6243,0.8,0.15,0.25
17:00,34,0.4757,0.4288,0.6434,0.8,0.15,0.25
17:30,35,0.5091,0.4994,0.6745,0.8,0.15,0.25
18:00,36,0.5562,0.5726,0.7178,0.8,0.15,0.25
18:30,37,0.609,0.6288,0.767,0.8,0.15,1.0
19:00,38,0.6576,0.65,0.8096,0.8,0.15,1.0
19:30,39,0.6931,0.6288,0.8293,0.8,0.15,1.0
20:00,40,0.7108,0.5726,0.8127,0.8,0.15,1.0
20:30,41,0.7112,0.4994,0.7546,0.8,0.15,1.0
21:00,42,0.699,0.4288,0.6613,0.8,0.15,1.0
21:30,43,0.681,0.3734,0.5472,0.475,0.15,1.0
22:00,44,0.6627,0.3369,0.4297,0.475,0.85,1.0
22:30,45,0.6471,0.3164,0.3646,0.475,0.85,1.0
23:00,46,0.6339,0.3064,0.3161,0.475,0.85,1.0
23:30,47,0.6208,0.3022,0.2845,0.475,0.85,1.0
